{"cameraMode":{"drawMode":0,"name":"Shaded","section":"Shading Mode"},"sceneLighting":true,"audioPlay":false,"sceneViewState":{"m_AlwaysRefresh":false,"showFog":true,"showSkybox":true,"showFlares":true,"showImageEffects":true,"showParticleSystems":true,"showVisualEffectGraphs":true,"m_FxEnabled":true},"in2DMode":false,"pivot":{"x":25.970298767089845,"y":-36.01265335083008,"z":30.879762649536134},"rotation":{"x":0.3283234238624573,"y":0.29233235120773318,"z":-0.10765208303928375,"w":0.8916702270507813},"size":30.53333854675293,"orthographic":false}