{"cameraMode":{"drawMode":0,"name":"Shaded","section":"Shading Mode"},"sceneLighting":true,"audioPlay":false,"sceneViewState":{"m_AlwaysRefresh":false,"showFog":true,"showSkybox":true,"showFlares":true,"showImageEffects":true,"showParticleSystems":true,"showVisualEffectGraphs":true,"m_FxEnabled":true},"in2DMode":false,"pivot":{"x":2.4460959434509279,"y":-12.268115997314454,"z":47.67319107055664},"rotation":{"x":0.15149028599262238,"y":0.01926540583372116,"z":-0.0030455735977739097,"w":0.9882426857948303},"size":28.61003875732422,"orthographic":false}